Week,Category,Month,Day Range,Description
1,E-Commerce Basics,1,Day 1-7,
2,E-Commerce Advanced,1,Day 8-14,
3,E-Commerce Operations,1,Day 15-21,
4,E-Commerce Scaling,1,Day 22-28,
5,Social Media Core,2,Day 29-35,
6,Social Media Advanced,2,Day 36-42,
7,Messaging Systems,2,Day 43-49,
8,Communication Infrastructure,2,Day 50-56,
9,Video & Streaming,3,Day 57-63,
10,Gaming Backends,3,Day 64-70,
11,Real-Time Data,3,Day 71-77,
12,Collaborative Tools,3,Day 78-84,
13,Analytics Platforms,4,Day 85-91,
14,Data Processing,4,Day 92-98,
15,ML & AI Platforms,4,Day 99-105,
16,Search & Discovery,4,Day 106-112,
17,CI/CD & Deployment,5,Day 113-119,
18,Container & Orchestration,5,Day 120-126,
19,Networking & CDN,5,Day 127-133,
20,Observability & Monitoring,5,Day 134-140,
21,Authentication,6,Day 141-147,
22,Security Systems,6,Day 148-154,
23,Compliance & Privacy,6,Day 155-161,
24,Encryption & Key Management,6,Day 162-168,
25,Message Queues,7,Day 169-175,
26,Workflow & Orchestration,7,Day 176-182,
27,Notification Systems,7,Day 183-189,
28,Integration Patterns,7,Day 190-196,
29,Caching Systems,8,Day 197-203,
30,Database Architecture,8,Day 204-210,
31,Storage Platforms,8,Day 211-217,
32,Data Management,8,Day 218-224,
33,Healthcare Systems,9,Day 225-231,
34,Financial Systems,9,Day 232-238,
35,Travel Systems,9,Day 239-245,
36,Logistics & Supply Chain,9,Day 246-252,
37,Mobile Architecture,10,Day 253-259,
38,Frontend Architecture,10,Day 260-266,
39,Developer Tools,10,Day 267-273,
40,User Experience Systems,10,Day 274-280,
41,IoT & Edge,11,Day 281-287,
42,AI Applications,11,Day 288-294,
43,Blockchain & Web3,11,Day 295-301,
44,AR/VR & Spatial,11,Day 302-308,
45,Reliability Engineering,12,Day 309-315,
46,Platform Engineering,12,Day 316-322,
47,Scalability Patterns,12,Day 323-329,
48,Cost Optimization,12,Day 330-336,
49,Education & Content,13,Day 337-343,
50,Government & Enterprise,13,Day 344-350,
51,Advanced Patterns,13,Day 351-357,
52,Capstone Week,13,Day 358-364,
